<?xml version="1.0" ?>
<LOG_ROOT>
	<PROJECT NAME="SingleCycleProcessor">
		<CBX_INST_ENTRY INSTANCE_NAME="|SingleCycleProcessor|Control_unit:inst5|lpm_decode2:ALU_Decode|lpm_decode:LPM_DECODE_component" CBX_FILE_NAME="decode_kbf.tdf"/>
		<CBX_INST_ENTRY INSTANCE_NAME="|SingleCycleProcessor|ExtImm:inst23|lpm_mux3:inst|LPM_MUX:LPM_MUX_component" CBX_FILE_NAME="mux_krc.tdf"/>
		<CBX_INST_ENTRY INSTANCE_NAME="|SingleCycleProcessor|lpm_compare2:inst61|lpm_compare:LPM_COMPARE_component" CBX_FILE_NAME="cmpr_ikg.tdf"/>
		<CBX_INST_ENTRY INSTANCE_NAME="|SingleCycleProcessor|lpm_compare4:inst113|lpm_compare:LPM_COMPARE_component" CBX_FILE_NAME="cmpr_ikg.tdf"/>
		<CBX_INST_ENTRY INSTANCE_NAME="|SingleCycleProcessor|FileRegister:inst2|lpm_counter0:R0|lpm_counter:LPM_COUNTER_component" CBX_FILE_NAME="cntr_9bk.tdf"/>
		<CBX_INST_ENTRY INSTANCE_NAME="|SingleCycleProcessor|FileRegister:inst2|lpm_counter0:R10|lpm_counter:LPM_COUNTER_component" CBX_FILE_NAME="cntr_9bk.tdf"/>
		<CBX_INST_ENTRY INSTANCE_NAME="|SingleCycleProcessor|FileRegister:inst2|lpm_counter0:R11|lpm_counter:LPM_COUNTER_component" CBX_FILE_NAME="cntr_9bk.tdf"/>
		<CBX_INST_ENTRY INSTANCE_NAME="|SingleCycleProcessor|FileRegister:inst2|lpm_counter0:R2|lpm_counter:LPM_COUNTER_component" CBX_FILE_NAME="cntr_9bk.tdf"/>
		<CBX_INST_ENTRY INSTANCE_NAME="|SingleCycleProcessor|lpm_compare5:inst115|lpm_compare:LPM_COMPARE_component" CBX_FILE_NAME="cmpr_ikg.tdf"/>
		<CBX_INST_ENTRY INSTANCE_NAME="|SingleCycleProcessor|lpm_constant0:inst21|lpm_constant:LPM_CONSTANT_component" CBX_FILE_NAME="lpm_constant_sf6.tdf"/>
		<CBX_INST_ENTRY INSTANCE_NAME="|SingleCycleProcessor|lpm_counter7:inst28|lpm_counter:LPM_COUNTER_component" CBX_FILE_NAME="cntr_cik.tdf"/>
		<CBX_INST_ENTRY INSTANCE_NAME="|SingleCycleProcessor|Control_unit:inst5|lpm_decode1:Main_Decoder|lpm_decode:LPM_DECODE_component" CBX_FILE_NAME="decode_lbf.tdf"/>
		<CBX_INST_ENTRY INSTANCE_NAME="|SingleCycleProcessor|FileRegister:inst2|lpm_counter0:R12|lpm_counter:LPM_COUNTER_component" CBX_FILE_NAME="cntr_9bk.tdf"/>
		<CBX_INST_ENTRY INSTANCE_NAME="|SingleCycleProcessor|FileRegister:inst2|lpm_counter0:R3|lpm_counter:LPM_COUNTER_component" CBX_FILE_NAME="cntr_9bk.tdf"/>
		<CBX_INST_ENTRY INSTANCE_NAME="|SingleCycleProcessor|lpm_compare1:inst39|lpm_compare:LPM_COMPARE_component" CBX_FILE_NAME="cmpr_ikg.tdf"/>
		<CBX_INST_ENTRY INSTANCE_NAME="|SingleCycleProcessor|lpm_compare3:inst46|lpm_compare:LPM_COMPARE_component" CBX_FILE_NAME="cmpr_ikg.tdf"/>
		<CBX_INST_ENTRY INSTANCE_NAME="|SingleCycleProcessor|lpm_mux1:inst29|LPM_MUX:LPM_MUX_component" CBX_FILE_NAME="mux_t7e.tdf"/>
		<CBX_INST_ENTRY INSTANCE_NAME="|SingleCycleProcessor|lpm_mux6:inst6|LPM_MUX:LPM_MUX_component" CBX_FILE_NAME="mux_d6e.tdf"/>
		<CBX_INST_ENTRY INSTANCE_NAME="|SingleCycleProcessor|lpm_mux9:inst119|LPM_MUX:LPM_MUX_component" CBX_FILE_NAME="mux_t7e.tdf"/>
		<CBX_INST_ENTRY INSTANCE_NAME="|SingleCycleProcessor|FileRegister:inst2|lpm_counter0:R13|lpm_counter:LPM_COUNTER_component" CBX_FILE_NAME="cntr_9bk.tdf"/>
		<CBX_INST_ENTRY INSTANCE_NAME="|SingleCycleProcessor|FileRegister:inst2|lpm_counter0:R4|lpm_counter:LPM_COUNTER_component" CBX_FILE_NAME="cntr_9bk.tdf"/>
		<CBX_INST_ENTRY INSTANCE_NAME="|SingleCycleProcessor|FileRegister:inst2|lpm_mux0:inst46|LPM_MUX:LPM_MUX_component" CBX_FILE_NAME="mux_l9e.tdf"/>
		<CBX_INST_ENTRY INSTANCE_NAME="|SingleCycleProcessor|Control_unit:inst5|lpm_decode3:inst4|lpm_decode:LPM_DECODE_component" CBX_FILE_NAME="decode_lbf.tdf"/>
		<CBX_INST_ENTRY INSTANCE_NAME="|SingleCycleProcessor|FileRegister:inst2|lpm_counter0:R14|lpm_counter:LPM_COUNTER_component" CBX_FILE_NAME="cntr_9bk.tdf"/>
		<CBX_INST_ENTRY INSTANCE_NAME="|SingleCycleProcessor|FileRegister:inst2|lpm_counter0:R5|lpm_counter:LPM_COUNTER_component" CBX_FILE_NAME="cntr_9bk.tdf"/>
		<CBX_INST_ENTRY INSTANCE_NAME="|SingleCycleProcessor|FileRegister:inst2|lpm_counter8:inst1|lpm_counter:LPM_COUNTER_component" CBX_FILE_NAME="cntr_mdj.tdf"/>
		<CBX_INST_ENTRY INSTANCE_NAME="|SingleCycleProcessor|FileRegister:inst2|lpm_mux0:inst47|LPM_MUX:LPM_MUX_component" CBX_FILE_NAME="mux_l9e.tdf"/>
		<CBX_INST_ENTRY INSTANCE_NAME="|SingleCycleProcessor|lpm_counter6:inst95|lpm_counter:LPM_COUNTER_component" CBX_FILE_NAME="cntr_0hk.tdf"/>
		<CBX_INST_ENTRY INSTANCE_NAME="|SingleCycleProcessor|ALU:inst7|lpm_mux2:inst|LPM_MUX:LPM_MUX_component" CBX_FILE_NAME="mux_lrc.tdf"/>
		<CBX_INST_ENTRY INSTANCE_NAME="|SingleCycleProcessor|FileRegister:inst2|lpm_counter0:R6|lpm_counter:LPM_COUNTER_component" CBX_FILE_NAME="cntr_9bk.tdf"/>
		<CBX_INST_ENTRY INSTANCE_NAME="|SingleCycleProcessor|FileRegister:inst2|lpm_decode0:inst15|lpm_decode:LPM_DECODE_component" CBX_FILE_NAME="decode_lbf.tdf"/>
		<CBX_INST_ENTRY INSTANCE_NAME="|SingleCycleProcessor|lpm_compare0:inst|lpm_compare:LPM_COMPARE_component" CBX_FILE_NAME="cmpr_ikg.tdf"/>
		<CBX_INST_ENTRY INSTANCE_NAME="|SingleCycleProcessor|lpm_counter4:inst9|lpm_counter:LPM_COUNTER_component" CBX_FILE_NAME="cntr_mgk.tdf"/>
		<CBX_INST_ENTRY INSTANCE_NAME="|SingleCycleProcessor|lpm_counter9:inst31|lpm_counter:LPM_COUNTER_component" CBX_FILE_NAME="cntr_22k.tdf"/>
		<CBX_INST_ENTRY INSTANCE_NAME="|SingleCycleProcessor|lpm_mux7:inst97|LPM_MUX:LPM_MUX_component" CBX_FILE_NAME="mux_v7e.tdf"/>
		<CBX_INST_ENTRY INSTANCE_NAME="|SingleCycleProcessor|ALU:inst7|lpm_add_sub1:inst2|lpm_add_sub:LPM_ADD_SUB_component" CBX_FILE_NAME="add_sub_drh.tdf"/>
		<CBX_INST_ENTRY INSTANCE_NAME="|SingleCycleProcessor|FileRegister:inst2|lpm_counter0:R7|lpm_counter:LPM_COUNTER_component" CBX_FILE_NAME="cntr_9bk.tdf"/>
		<CBX_INST_ENTRY INSTANCE_NAME="|SingleCycleProcessor|lpm_mux4:inst4|LPM_MUX:LPM_MUX_component" CBX_FILE_NAME="mux_d6e.tdf"/>
		<CBX_INST_ENTRY INSTANCE_NAME="|SingleCycleProcessor|Control_unit:inst5|lpm_counter2:inst66|lpm_counter:LPM_COUNTER_component" CBX_FILE_NAME="cntr_3cj.tdf"/>
		<CBX_INST_ENTRY INSTANCE_NAME="|SingleCycleProcessor|FileRegister:inst2|lpm_counter0:R8|lpm_counter:LPM_COUNTER_component" CBX_FILE_NAME="cntr_9bk.tdf"/>
		<CBX_INST_ENTRY INSTANCE_NAME="|SingleCycleProcessor|lpm_add_sub0:inst1|lpm_add_sub:LPM_ADD_SUB_component" CBX_FILE_NAME="add_sub_msh.tdf"/>
		<CBX_INST_ENTRY INSTANCE_NAME="|SingleCycleProcessor|lpm_counter5:inst11|lpm_counter:LPM_COUNTER_component" CBX_FILE_NAME="cntr_pgk.tdf"/>
		<CBX_INST_ENTRY INSTANCE_NAME="|SingleCycleProcessor|lpm_mux1:inst17|LPM_MUX:LPM_MUX_component" CBX_FILE_NAME="mux_t7e.tdf"/>
		<CBX_INST_ENTRY INSTANCE_NAME="|SingleCycleProcessor|lpm_mux1:inst26|LPM_MUX:LPM_MUX_component" CBX_FILE_NAME="mux_t7e.tdf"/>
		<CBX_INST_ENTRY INSTANCE_NAME="|SingleCycleProcessor|lpm_mux8:inst98|LPM_MUX:LPM_MUX_component" CBX_FILE_NAME="mux_v7e.tdf"/>
		<CBX_INST_ENTRY INSTANCE_NAME="|SingleCycleProcessor|FileRegister:inst2|lpm_counter0:R9|lpm_counter:LPM_COUNTER_component" CBX_FILE_NAME="cntr_9bk.tdf"/>
		<CBX_INST_ENTRY INSTANCE_NAME="|SingleCycleProcessor|Control_unit:inst5|lpm_counter3:inst67|lpm_counter:LPM_COUNTER_component" CBX_FILE_NAME="cntr_3cj.tdf"/>
	</PROJECT>
</LOG_ROOT>
